Data,Abertura_Lag1,Máxima_Lag1,Mínima_Lag1,Volume_Lag1,Fechamento_Lag1,Abertura_Media5,Máxima_Media5,Mínima_Media5,Fechamento_Media5,Volume_Media5,Abertura_Media10,Máxima_Media10,Mínima_Media10,Fechamento_Media10,Volume_Media10,Abertura_Media15,Máxima_Media15,Mínima_Media15,Fechamento_Media15,Volume_Media15,Variação_Dia_Anterior_Lag1
2025-07-16,135298.0,136022.0,134380.0,6904200.0,0.0,136189.81875,136380.2375,135051.89375,0.0,6239580.0,138098.709375,138500.61875,137027.146875,0.2,5984630.0,137944.87291666667,138561.0125,137077.69791666666,0.3333333333333333,6463466.666666667,48.0
